[{  
    "id": 1,
    "name" : "Player 1",
    "value" : 1000000,
    "batting_rank":  2,
    "bowling_rank": 3,
    "all_round_rank": 2
},
{
    "id": 2,
    "name" : "Player 2",
    "value" : 800000,
    "batting_rank":  7,
    "bowling_rank": 8,
    "all_round_rank": 9
},{
    "id": 3,
    "name" : "Player 3",
    "value" : 1200000,
    "batting_rank":  5,
    "bowling_rank": 3,
    "all_round_rank": 4
},{
    "id": 4,
    "name" : "Player 4",
    "value" : 1800000,
    "batting_rank":  2,
    "bowling_rank": 3,
    "all_round_rank": 2
},{
    "id": 5,
    "name" : "Player 5",
    "value" : 300000,
    "batting_rank":  9,
    "bowling_rank": 9,
    "all_round_rank": 9
},{
    "id": 6,
    "name" : "Player 6",
    "value" : 600000,
    "batting_rank":  7,
    "bowling_rank": 9,
    "all_round_rank": 8
},{
    "id": 7,
    "name" : "Player 7",
    "value" : 700000,
    "batting_rank":  7,
    "bowling_rank": 8,
    "all_round_rank": 8
},{
    "id": 8,
    "name" : "Player 8",
    "value" : 1300000,
    "batting_rank":  6,
    "bowling_rank": 7,
    "all_round_rank": 7
},{
    "id": 9,
    "name" : "Player 9",
    "value" : 100000,
    "batting_rank":  12,
    "bowling_rank": 13,
    "all_round_rank": 12
},{
    "id": 10,
    "name" : "Player 10",
    "value" : 800000,
    "batting_rank":  4,
    "bowling_rank": 13,
    "all_round_rank": 9
},{
    "id": 11,
    "name" : "Player 11",
    "value" : 2200000,
    "batting_rank":  1,
    "bowling_rank": 1,
    "all_round_rank": 1
},{
    "id": 12,
    "name" : "Player 12",
    "value" : 700000,
    "batting_rank":  5,
    "bowling_rank": 8,
    "all_round_rank": 7
},{
    "id": 13,
    "name" : "Player 13",
    "value" : 500000,
    "batting_rank":  8,
    "bowling_rank": 8,
    "all_round_rank": 9
},{
    "id": 14,
    "name" : "Player 14",
    "value" : 150000,
    "batting_rank":  9,
    "bowling_rank": 9,
    "all_round_rank": 10
},{
    "id": 15,
    "name" : "Player 15",
    "value" : 170000,
    "batting_rank":  22,
    "bowling_rank": 23,
    "all_round_rank": 12
},{
    "id": 16,
    "name" : "Player 16",
    "value" : 600000,
    "batting_rank":  1,
    "bowling_rank": 1,
    "all_round_rank": 2
}]